accession,name,sequence,label,class_name
P08183,MDR1_HUMAN,MDLEGDRNGGAKKKNFFKLNNKSEKDKKEKKPTVSVFSMFRYSNWLDKLYMVVGTLAAIIHGAGLPLMMLVFGEMTDIFAYAGIIMLVFTFVALC,1,transmembrane
P00533,EGFR_HUMAN,MRPSGTAGAALLALLAALCPASRALEEKKVCQGTSNKLTQLGTFEDHFLSLQRMFNNCEVVLGNLEITYVQRNYDLSFLKTIQEVAGYVLIALNTVERIPENLQIIRGNMYYENSYALAVLSNYDANKTGLKELPMRNLQEILHGAVRFSNNPALCNVESIQWRDIVSSDFLSMSMDFQNHLGSCQ,1,transmembrane
P11274,GBRB1_HUMAN,MGSWGWLLGLLLCVAMGAPVALSEEFTVDSIDYEVNYTLDKWRFDRKKYSYVDDSDYEMYTNDQEAMVNSGDYVNYTMDKWRFDRKKYSYVDDSYEMTNE,1,transmembrane
P16473,TSHR_HUMAN,MRPADLLQLVLLLDLPRDLGGMGCSSPPCECHQEEDFRVTCKDIQRIPSLPPSTQTLKLIETHLRTIPSHAFSNLPNISRIYVSIDVTLQQLESHSFYNLS,1,transmembrane
P04626,ERBB2_HUMAN,MELAALCRWGLLLALLPPGAAASPLPEPAVVMGVTKVEKLECEVVSGNLEIVLHNNDYLSFLKTIQEVAGYVLIAHNQVRQVPLQRLRIVRGTQLFEDNY,1,transmembrane
O15303,ERBB4_HUMAN,MKGATGTRRWLLLLVVLVLPIGAAASTPEPAVVMGVTKVEKLECEVVSGNLEITLHNNDYLSFLKTIQEVAGYVLIAHNQVRQVPLQRLRIVRGTQLFED,1,transmembrane
P62988,UBIQ_HUMAN,MQIFVKTLTGKTITLEVEPSDTIENVKAKIQDKEGIPPDQQRLIFAGKQLEDGRTLSDYNIQKESTLHLVLRLRGG,0,soluble
P68032,ACTC_HUMAN,MCDDEETTALVCDNGSGLVKAGFAGDDAPRAVFPSIVGRPRHQGVMVGMGQKDSYVGDEAQSKRGILTLKYPIEHGIITNWDDMEKIWHHTFYNELRVAPEEHPVLTEAPLNPKANREKMTQIMFETFNVPAMYVAIQAVLSLYASGRTTGIVLDSGDGVTHNVPIYEGYALPHAIMRLDLAGRDLTDYLMK,0,soluble
P00558,PGK1_HUMAN,MSLSNKLTLDKLDVKGKRVIMRVDFNVPMKNNQITNNQRIKAAVPSIKFCLDNGAKSVVLMHHLGRPDGVPMPDKYSLEPVAVELKSLLGKDVLFLKDCV,0,soluble
P04075,ALDOA_HUMAN,MPYQYPALTPEQKKELSDIAHRIVAPGKGILAADESTGSIAKRLQSIGTENTEENRRFYRQLLLTADDRVNPCIGGVILFHETLYQKADDGRPFPQVIKS,0,soluble
P06733,ENO1_HUMAN,MSILKIHAREIFDSRGNPTVEVDLYTAKGLFRAAVPSGASTGIYEALELRDNDKTRYMGKGVSKAVEHINKTIAPALVSKKLNVTEQEKIDKLMIEMDGT,0,soluble
P14618,PKM_HUMAN,MSKPHSEAGTAFIQTQQLHAAMADTFLEHMCRLDIDSPPITARNTGIICTIGPASRSVETLKEMIKSGMNVARLNFSHGTHEYHAETIKNVRTATESFAS,0,soluble
