,is_planted,planted_fc
Prot_0001,True,1.0
Prot_0002,True,1.0
Prot_0003,True,1.0
Prot_0004,True,1.0
Prot_0005,True,1.0
Prot_0006,True,1.0
Prot_0007,True,1.0
Prot_0008,True,1.0
Prot_0009,True,1.0
Prot_0010,True,1.0
Prot_0011,True,1.0
Prot_0012,True,1.0
Prot_0013,True,1.0
Prot_0014,True,1.0
Prot_0015,True,1.0
Prot_0016,True,1.0
Prot_0017,True,1.0
Prot_0018,True,1.0
Prot_0019,True,1.0
Prot_0020,True,1.0
Prot_0021,True,1.0
Prot_0022,True,1.0
Prot_0023,True,1.0
Prot_0024,True,1.0
Prot_0025,True,1.0
Prot_0026,True,1.0
Prot_0027,True,1.0
Prot_0028,True,1.0
Prot_0029,True,1.0
Prot_0030,True,1.0
Prot_0031,True,1.0
Prot_0032,True,1.0
Prot_0033,True,1.0
Prot_0034,True,1.0
Prot_0035,True,1.0
Prot_0036,True,1.0
Prot_0037,True,1.0
Prot_0038,True,1.0
Prot_0039,True,1.0
Prot_0040,True,1.0
Prot_0041,True,1.0
Prot_0042,True,1.0
Prot_0043,True,1.0
Prot_0044,True,1.0
Prot_0045,True,1.0
Prot_0046,True,1.0
Prot_0047,True,1.0
Prot_0048,True,1.0
Prot_0049,True,1.0
Prot_0050,True,1.0
Prot_0051,True,-1.0
Prot_0052,True,-1.0
Prot_0053,True,-1.0
Prot_0054,True,-1.0
Prot_0055,True,-1.0
Prot_0056,True,-1.0
Prot_0057,True,-1.0
Prot_0058,True,-1.0
Prot_0059,True,-1.0
Prot_0060,True,-1.0
Prot_0061,True,-1.0
Prot_0062,True,-1.0
Prot_0063,True,-1.0
Prot_0064,True,-1.0
Prot_0065,True,-1.0
Prot_0066,True,-1.0
Prot_0067,True,-1.0
Prot_0068,True,-1.0
Prot_0069,True,-1.0
Prot_0070,True,-1.0
Prot_0071,True,-1.0
Prot_0072,True,-1.0
Prot_0073,True,-1.0
Prot_0074,True,-1.0
Prot_0075,True,-1.0
Prot_0076,True,-1.0
Prot_0077,True,-1.0
Prot_0078,True,-1.0
Prot_0079,True,-1.0
Prot_0080,True,-1.0
Prot_0081,True,-1.0
Prot_0082,True,-1.0
Prot_0083,True,-1.0
Prot_0084,True,-1.0
Prot_0085,True,-1.0
Prot_0086,True,-1.0
Prot_0087,True,-1.0
Prot_0088,True,-1.0
Prot_0089,True,-1.0
Prot_0090,True,-1.0
Prot_0091,True,-1.0
Prot_0092,True,-1.0
Prot_0093,True,-1.0
Prot_0094,True,-1.0
Prot_0095,True,-1.0
Prot_0096,True,-1.0
Prot_0097,True,-1.0
Prot_0098,True,-1.0
Prot_0099,True,-1.0
Prot_0100,True,-1.0
Prot_0101,False,0.0
Prot_0102,False,0.0
Prot_0103,False,0.0
Prot_0104,False,0.0
Prot_0105,False,0.0
Prot_0106,False,0.0
Prot_0107,False,0.0
Prot_0108,False,0.0
Prot_0109,False,0.0
Prot_0110,False,0.0
Prot_0111,False,0.0
Prot_0112,False,0.0
Prot_0113,False,0.0
Prot_0114,False,0.0
Prot_0115,False,0.0
Prot_0116,False,0.0
Prot_0117,False,0.0
Prot_0118,False,0.0
Prot_0119,False,0.0
Prot_0120,False,0.0
Prot_0121,False,0.0
Prot_0122,False,0.0
Prot_0123,False,0.0
Prot_0124,False,0.0
Prot_0125,False,0.0
Prot_0126,False,0.0
Prot_0127,False,0.0
Prot_0128,False,0.0
Prot_0129,False,0.0
Prot_0130,False,0.0
Prot_0131,False,0.0
Prot_0132,False,0.0
Prot_0133,False,0.0
Prot_0134,False,0.0
Prot_0135,False,0.0
Prot_0136,False,0.0
Prot_0137,False,0.0
Prot_0138,False,0.0
Prot_0139,False,0.0
Prot_0140,False,0.0
Prot_0141,False,0.0
Prot_0142,False,0.0
Prot_0143,False,0.0
Prot_0144,False,0.0
Prot_0145,False,0.0
Prot_0146,False,0.0
Prot_0147,False,0.0
Prot_0148,False,0.0
Prot_0149,False,0.0
Prot_0150,False,0.0
Prot_0151,False,0.0
Prot_0152,False,0.0
Prot_0153,False,0.0
Prot_0154,False,0.0
Prot_0155,False,0.0
Prot_0156,False,0.0
Prot_0157,False,0.0
Prot_0158,False,0.0
Prot_0159,False,0.0
Prot_0160,False,0.0
Prot_0161,False,0.0
Prot_0162,False,0.0
Prot_0163,False,0.0
Prot_0164,False,0.0
Prot_0165,False,0.0
Prot_0166,False,0.0
Prot_0167,False,0.0
Prot_0168,False,0.0
Prot_0169,False,0.0
Prot_0170,False,0.0
Prot_0171,False,0.0
Prot_0172,False,0.0
Prot_0173,False,0.0
Prot_0174,False,0.0
Prot_0175,False,0.0
Prot_0176,False,0.0
Prot_0177,False,0.0
Prot_0178,False,0.0
Prot_0179,False,0.0
Prot_0180,False,0.0
Prot_0181,False,0.0
Prot_0182,False,0.0
Prot_0183,False,0.0
Prot_0184,False,0.0
Prot_0185,False,0.0
Prot_0186,False,0.0
Prot_0187,False,0.0
Prot_0188,False,0.0
Prot_0189,False,0.0
Prot_0190,False,0.0
Prot_0191,False,0.0
Prot_0192,False,0.0
Prot_0193,False,0.0
Prot_0194,False,0.0
Prot_0195,False,0.0
Prot_0196,False,0.0
Prot_0197,False,0.0
Prot_0198,False,0.0
Prot_0199,False,0.0
Prot_0200,False,0.0
Prot_0201,False,0.0
Prot_0202,False,0.0
Prot_0203,False,0.0
Prot_0204,False,0.0
Prot_0205,False,0.0
Prot_0206,False,0.0
Prot_0207,False,0.0
Prot_0208,False,0.0
Prot_0209,False,0.0
Prot_0210,False,0.0
Prot_0211,False,0.0
Prot_0212,False,0.0
Prot_0213,False,0.0
Prot_0214,False,0.0
Prot_0215,False,0.0
Prot_0216,False,0.0
Prot_0217,False,0.0
Prot_0218,False,0.0
Prot_0219,False,0.0
Prot_0220,False,0.0
Prot_0221,False,0.0
Prot_0222,False,0.0
Prot_0223,False,0.0
Prot_0224,False,0.0
Prot_0225,False,0.0
Prot_0226,False,0.0
Prot_0227,False,0.0
Prot_0228,False,0.0
Prot_0229,False,0.0
Prot_0230,False,0.0
Prot_0231,False,0.0
Prot_0232,False,0.0
Prot_0233,False,0.0
Prot_0234,False,0.0
Prot_0235,False,0.0
Prot_0236,False,0.0
Prot_0237,False,0.0
Prot_0238,False,0.0
Prot_0239,False,0.0
Prot_0240,False,0.0
Prot_0241,False,0.0
Prot_0242,False,0.0
Prot_0243,False,0.0
Prot_0244,False,0.0
Prot_0245,False,0.0
Prot_0246,False,0.0
Prot_0247,False,0.0
Prot_0248,False,0.0
Prot_0249,False,0.0
Prot_0250,False,0.0
Prot_0251,False,0.0
Prot_0252,False,0.0
Prot_0253,False,0.0
Prot_0254,False,0.0
Prot_0255,False,0.0
Prot_0256,False,0.0
Prot_0257,False,0.0
Prot_0258,False,0.0
Prot_0259,False,0.0
Prot_0260,False,0.0
Prot_0261,False,0.0
Prot_0262,False,0.0
Prot_0263,False,0.0
Prot_0264,False,0.0
Prot_0265,False,0.0
Prot_0266,False,0.0
Prot_0267,False,0.0
Prot_0268,False,0.0
Prot_0269,False,0.0
Prot_0270,False,0.0
Prot_0271,False,0.0
Prot_0272,False,0.0
Prot_0273,False,0.0
Prot_0274,False,0.0
Prot_0275,False,0.0
Prot_0276,False,0.0
Prot_0277,False,0.0
Prot_0278,False,0.0
Prot_0279,False,0.0
Prot_0280,False,0.0
Prot_0281,False,0.0
Prot_0282,False,0.0
Prot_0283,False,0.0
Prot_0284,False,0.0
Prot_0285,False,0.0
Prot_0286,False,0.0
Prot_0287,False,0.0
Prot_0288,False,0.0
Prot_0289,False,0.0
Prot_0290,False,0.0
Prot_0291,False,0.0
Prot_0292,False,0.0
Prot_0293,False,0.0
Prot_0294,False,0.0
Prot_0295,False,0.0
Prot_0296,False,0.0
Prot_0297,False,0.0
Prot_0298,False,0.0
Prot_0299,False,0.0
Prot_0300,False,0.0
Prot_0301,False,0.0
Prot_0302,False,0.0
Prot_0303,False,0.0
Prot_0304,False,0.0
Prot_0305,False,0.0
Prot_0306,False,0.0
Prot_0307,False,0.0
Prot_0308,False,0.0
Prot_0309,False,0.0
Prot_0310,False,0.0
Prot_0311,False,0.0
Prot_0312,False,0.0
Prot_0313,False,0.0
Prot_0314,False,0.0
Prot_0315,False,0.0
Prot_0316,False,0.0
Prot_0317,False,0.0
Prot_0318,False,0.0
Prot_0319,False,0.0
Prot_0320,False,0.0
Prot_0321,False,0.0
Prot_0322,False,0.0
Prot_0323,False,0.0
Prot_0324,False,0.0
Prot_0325,False,0.0
Prot_0326,False,0.0
Prot_0327,False,0.0
Prot_0328,False,0.0
Prot_0329,False,0.0
Prot_0330,False,0.0
Prot_0331,False,0.0
Prot_0332,False,0.0
Prot_0333,False,0.0
Prot_0334,False,0.0
Prot_0335,False,0.0
Prot_0336,False,0.0
Prot_0337,False,0.0
Prot_0338,False,0.0
Prot_0339,False,0.0
Prot_0340,False,0.0
Prot_0341,False,0.0
Prot_0342,False,0.0
Prot_0343,False,0.0
Prot_0344,False,0.0
Prot_0345,False,0.0
Prot_0346,False,0.0
Prot_0347,False,0.0
Prot_0348,False,0.0
Prot_0349,False,0.0
Prot_0350,False,0.0
Prot_0351,False,0.0
Prot_0352,False,0.0
Prot_0353,False,0.0
Prot_0354,False,0.0
Prot_0355,False,0.0
Prot_0356,False,0.0
Prot_0357,False,0.0
Prot_0358,False,0.0
Prot_0359,False,0.0
Prot_0360,False,0.0
Prot_0361,False,0.0
Prot_0362,False,0.0
Prot_0363,False,0.0
Prot_0364,False,0.0
Prot_0365,False,0.0
Prot_0366,False,0.0
Prot_0367,False,0.0
Prot_0368,False,0.0
Prot_0369,False,0.0
Prot_0370,False,0.0
Prot_0371,False,0.0
Prot_0372,False,0.0
Prot_0373,False,0.0
Prot_0374,False,0.0
Prot_0375,False,0.0
Prot_0376,False,0.0
Prot_0377,False,0.0
Prot_0378,False,0.0
Prot_0379,False,0.0
Prot_0380,False,0.0
Prot_0381,False,0.0
Prot_0382,False,0.0
Prot_0383,False,0.0
Prot_0384,False,0.0
Prot_0385,False,0.0
Prot_0386,False,0.0
Prot_0387,False,0.0
Prot_0388,False,0.0
Prot_0389,False,0.0
Prot_0390,False,0.0
Prot_0391,False,0.0
Prot_0392,False,0.0
Prot_0393,False,0.0
Prot_0394,False,0.0
Prot_0395,False,0.0
Prot_0396,False,0.0
Prot_0397,False,0.0
Prot_0398,False,0.0
Prot_0399,False,0.0
Prot_0400,False,0.0
Prot_0401,False,0.0
Prot_0402,False,0.0
Prot_0403,False,0.0
Prot_0404,False,0.0
Prot_0405,False,0.0
Prot_0406,False,0.0
Prot_0407,False,0.0
Prot_0408,False,0.0
Prot_0409,False,0.0
Prot_0410,False,0.0
Prot_0411,False,0.0
Prot_0412,False,0.0
Prot_0413,False,0.0
Prot_0414,False,0.0
Prot_0415,False,0.0
Prot_0416,False,0.0
Prot_0417,False,0.0
Prot_0418,False,0.0
Prot_0419,False,0.0
Prot_0420,False,0.0
Prot_0421,False,0.0
Prot_0422,False,0.0
Prot_0423,False,0.0
Prot_0424,False,0.0
Prot_0425,False,0.0
Prot_0426,False,0.0
Prot_0427,False,0.0
Prot_0428,False,0.0
Prot_0429,False,0.0
Prot_0430,False,0.0
Prot_0431,False,0.0
Prot_0432,False,0.0
Prot_0433,False,0.0
Prot_0434,False,0.0
Prot_0435,False,0.0
Prot_0436,False,0.0
Prot_0437,False,0.0
Prot_0438,False,0.0
Prot_0439,False,0.0
Prot_0440,False,0.0
Prot_0441,False,0.0
Prot_0442,False,0.0
Prot_0443,False,0.0
Prot_0444,False,0.0
Prot_0445,False,0.0
Prot_0446,False,0.0
Prot_0447,False,0.0
Prot_0448,False,0.0
Prot_0449,False,0.0
Prot_0450,False,0.0
Prot_0451,False,0.0
Prot_0452,False,0.0
Prot_0453,False,0.0
Prot_0454,False,0.0
Prot_0455,False,0.0
Prot_0456,False,0.0
Prot_0457,False,0.0
Prot_0458,False,0.0
Prot_0459,False,0.0
Prot_0460,False,0.0
Prot_0461,False,0.0
Prot_0462,False,0.0
Prot_0463,False,0.0
Prot_0464,False,0.0
Prot_0465,False,0.0
Prot_0466,False,0.0
Prot_0467,False,0.0
Prot_0468,False,0.0
Prot_0469,False,0.0
Prot_0470,False,0.0
Prot_0471,False,0.0
Prot_0472,False,0.0
Prot_0473,False,0.0
Prot_0474,False,0.0
Prot_0475,False,0.0
Prot_0476,False,0.0
Prot_0477,False,0.0
Prot_0478,False,0.0
Prot_0479,False,0.0
Prot_0480,False,0.0
Prot_0481,False,0.0
Prot_0482,False,0.0
Prot_0483,False,0.0
Prot_0484,False,0.0
Prot_0485,False,0.0
Prot_0486,False,0.0
Prot_0487,False,0.0
Prot_0488,False,0.0
Prot_0489,False,0.0
Prot_0490,False,0.0
Prot_0491,False,0.0
Prot_0492,False,0.0
Prot_0493,False,0.0
Prot_0494,False,0.0
Prot_0495,False,0.0
Prot_0496,False,0.0
Prot_0497,False,0.0
Prot_0498,False,0.0
Prot_0499,False,0.0
Prot_0500,False,0.0
Prot_0501,False,0.0
Prot_0502,False,0.0
Prot_0503,False,0.0
Prot_0504,False,0.0
Prot_0505,False,0.0
Prot_0506,False,0.0
Prot_0507,False,0.0
Prot_0508,False,0.0
Prot_0509,False,0.0
Prot_0510,False,0.0
Prot_0511,False,0.0
Prot_0512,False,0.0
Prot_0513,False,0.0
Prot_0514,False,0.0
Prot_0515,False,0.0
Prot_0516,False,0.0
Prot_0517,False,0.0
Prot_0518,False,0.0
Prot_0519,False,0.0
Prot_0520,False,0.0
Prot_0521,False,0.0
Prot_0522,False,0.0
Prot_0523,False,0.0
Prot_0524,False,0.0
Prot_0525,False,0.0
Prot_0526,False,0.0
Prot_0527,False,0.0
Prot_0528,False,0.0
Prot_0529,False,0.0
Prot_0530,False,0.0
Prot_0531,False,0.0
Prot_0532,False,0.0
Prot_0533,False,0.0
Prot_0534,False,0.0
Prot_0535,False,0.0
Prot_0536,False,0.0
Prot_0537,False,0.0
Prot_0538,False,0.0
Prot_0539,False,0.0
Prot_0540,False,0.0
Prot_0541,False,0.0
Prot_0542,False,0.0
Prot_0543,False,0.0
Prot_0544,False,0.0
Prot_0545,False,0.0
Prot_0546,False,0.0
Prot_0547,False,0.0
Prot_0548,False,0.0
Prot_0549,False,0.0
Prot_0550,False,0.0
Prot_0551,False,0.0
Prot_0552,False,0.0
Prot_0553,False,0.0
Prot_0554,False,0.0
Prot_0555,False,0.0
Prot_0556,False,0.0
Prot_0557,False,0.0
Prot_0558,False,0.0
Prot_0559,False,0.0
Prot_0560,False,0.0
Prot_0561,False,0.0
Prot_0562,False,0.0
Prot_0563,False,0.0
Prot_0564,False,0.0
Prot_0565,False,0.0
Prot_0566,False,0.0
Prot_0567,False,0.0
Prot_0568,False,0.0
Prot_0569,False,0.0
Prot_0570,False,0.0
Prot_0571,False,0.0
Prot_0572,False,0.0
Prot_0573,False,0.0
Prot_0574,False,0.0
Prot_0575,False,0.0
Prot_0576,False,0.0
Prot_0577,False,0.0
Prot_0578,False,0.0
Prot_0579,False,0.0
Prot_0580,False,0.0
Prot_0581,False,0.0
Prot_0582,False,0.0
Prot_0583,False,0.0
Prot_0584,False,0.0
Prot_0585,False,0.0
Prot_0586,False,0.0
Prot_0587,False,0.0
Prot_0588,False,0.0
Prot_0589,False,0.0
Prot_0590,False,0.0
Prot_0591,False,0.0
Prot_0592,False,0.0
Prot_0593,False,0.0
Prot_0594,False,0.0
Prot_0595,False,0.0
Prot_0596,False,0.0
Prot_0597,False,0.0
Prot_0598,False,0.0
Prot_0599,False,0.0
Prot_0600,False,0.0
Prot_0601,False,0.0
Prot_0602,False,0.0
Prot_0603,False,0.0
Prot_0604,False,0.0
Prot_0605,False,0.0
Prot_0606,False,0.0
Prot_0607,False,0.0
Prot_0608,False,0.0
Prot_0609,False,0.0
Prot_0610,False,0.0
Prot_0611,False,0.0
Prot_0612,False,0.0
Prot_0613,False,0.0
Prot_0614,False,0.0
Prot_0615,False,0.0
Prot_0616,False,0.0
Prot_0617,False,0.0
Prot_0618,False,0.0
Prot_0619,False,0.0
Prot_0620,False,0.0
Prot_0621,False,0.0
Prot_0622,False,0.0
Prot_0623,False,0.0
Prot_0624,False,0.0
Prot_0625,False,0.0
Prot_0626,False,0.0
Prot_0627,False,0.0
Prot_0628,False,0.0
Prot_0629,False,0.0
Prot_0630,False,0.0
Prot_0631,False,0.0
Prot_0632,False,0.0
Prot_0633,False,0.0
Prot_0634,False,0.0
Prot_0635,False,0.0
Prot_0636,False,0.0
Prot_0637,False,0.0
Prot_0638,False,0.0
Prot_0639,False,0.0
Prot_0640,False,0.0
Prot_0641,False,0.0
Prot_0642,False,0.0
Prot_0643,False,0.0
Prot_0644,False,0.0
Prot_0645,False,0.0
Prot_0646,False,0.0
Prot_0647,False,0.0
Prot_0648,False,0.0
Prot_0649,False,0.0
Prot_0650,False,0.0
Prot_0651,False,0.0
Prot_0652,False,0.0
Prot_0653,False,0.0
Prot_0654,False,0.0
Prot_0655,False,0.0
Prot_0656,False,0.0
Prot_0657,False,0.0
Prot_0658,False,0.0
Prot_0659,False,0.0
Prot_0660,False,0.0
Prot_0661,False,0.0
Prot_0662,False,0.0
Prot_0663,False,0.0
Prot_0664,False,0.0
Prot_0665,False,0.0
Prot_0666,False,0.0
Prot_0667,False,0.0
Prot_0668,False,0.0
Prot_0669,False,0.0
Prot_0670,False,0.0
Prot_0671,False,0.0
Prot_0672,False,0.0
Prot_0673,False,0.0
Prot_0674,False,0.0
Prot_0675,False,0.0
Prot_0676,False,0.0
Prot_0677,False,0.0
Prot_0678,False,0.0
Prot_0679,False,0.0
Prot_0680,False,0.0
Prot_0681,False,0.0
Prot_0682,False,0.0
Prot_0683,False,0.0
Prot_0684,False,0.0
Prot_0685,False,0.0
Prot_0686,False,0.0
Prot_0687,False,0.0
Prot_0688,False,0.0
Prot_0689,False,0.0
Prot_0690,False,0.0
Prot_0691,False,0.0
Prot_0692,False,0.0
Prot_0693,False,0.0
Prot_0694,False,0.0
Prot_0695,False,0.0
Prot_0696,False,0.0
Prot_0697,False,0.0
Prot_0698,False,0.0
Prot_0699,False,0.0
Prot_0700,False,0.0
Prot_0701,False,0.0
Prot_0702,False,0.0
Prot_0703,False,0.0
Prot_0704,False,0.0
Prot_0705,False,0.0
Prot_0706,False,0.0
Prot_0707,False,0.0
Prot_0708,False,0.0
Prot_0709,False,0.0
Prot_0710,False,0.0
Prot_0711,False,0.0
Prot_0712,False,0.0
Prot_0713,False,0.0
Prot_0714,False,0.0
Prot_0715,False,0.0
Prot_0716,False,0.0
Prot_0717,False,0.0
Prot_0718,False,0.0
Prot_0719,False,0.0
Prot_0720,False,0.0
Prot_0721,False,0.0
Prot_0722,False,0.0
Prot_0723,False,0.0
Prot_0724,False,0.0
Prot_0725,False,0.0
Prot_0726,False,0.0
Prot_0727,False,0.0
Prot_0728,False,0.0
Prot_0729,False,0.0
Prot_0730,False,0.0
Prot_0731,False,0.0
Prot_0732,False,0.0
Prot_0733,False,0.0
Prot_0734,False,0.0
Prot_0735,False,0.0
Prot_0736,False,0.0
Prot_0737,False,0.0
Prot_0738,False,0.0
Prot_0739,False,0.0
Prot_0740,False,0.0
Prot_0741,False,0.0
Prot_0742,False,0.0
Prot_0743,False,0.0
Prot_0744,False,0.0
Prot_0745,False,0.0
Prot_0746,False,0.0
Prot_0747,False,0.0
Prot_0748,False,0.0
Prot_0749,False,0.0
Prot_0750,False,0.0
Prot_0751,False,0.0
Prot_0752,False,0.0
Prot_0753,False,0.0
Prot_0754,False,0.0
Prot_0755,False,0.0
Prot_0756,False,0.0
Prot_0757,False,0.0
Prot_0758,False,0.0
Prot_0759,False,0.0
Prot_0760,False,0.0
Prot_0761,False,0.0
Prot_0762,False,0.0
Prot_0763,False,0.0
Prot_0764,False,0.0
Prot_0765,False,0.0
Prot_0766,False,0.0
Prot_0767,False,0.0
Prot_0768,False,0.0
Prot_0769,False,0.0
Prot_0770,False,0.0
Prot_0771,False,0.0
Prot_0772,False,0.0
Prot_0773,False,0.0
Prot_0774,False,0.0
Prot_0775,False,0.0
Prot_0776,False,0.0
Prot_0777,False,0.0
Prot_0778,False,0.0
Prot_0779,False,0.0
Prot_0780,False,0.0
Prot_0781,False,0.0
Prot_0782,False,0.0
Prot_0783,False,0.0
Prot_0784,False,0.0
Prot_0785,False,0.0
Prot_0786,False,0.0
Prot_0787,False,0.0
Prot_0788,False,0.0
Prot_0789,False,0.0
Prot_0790,False,0.0
Prot_0791,False,0.0
Prot_0792,False,0.0
Prot_0793,False,0.0
Prot_0794,False,0.0
Prot_0795,False,0.0
Prot_0796,False,0.0
Prot_0797,False,0.0
Prot_0798,False,0.0
Prot_0799,False,0.0
Prot_0800,False,0.0
Prot_0801,False,0.0
Prot_0802,False,0.0
Prot_0803,False,0.0
Prot_0804,False,0.0
Prot_0805,False,0.0
Prot_0806,False,0.0
Prot_0807,False,0.0
Prot_0808,False,0.0
Prot_0809,False,0.0
Prot_0810,False,0.0
Prot_0811,False,0.0
Prot_0812,False,0.0
Prot_0813,False,0.0
Prot_0814,False,0.0
Prot_0815,False,0.0
Prot_0816,False,0.0
Prot_0817,False,0.0
Prot_0818,False,0.0
Prot_0819,False,0.0
Prot_0820,False,0.0
Prot_0821,False,0.0
Prot_0822,False,0.0
Prot_0823,False,0.0
Prot_0824,False,0.0
Prot_0825,False,0.0
Prot_0826,False,0.0
Prot_0827,False,0.0
Prot_0828,False,0.0
Prot_0829,False,0.0
Prot_0830,False,0.0
Prot_0831,False,0.0
Prot_0832,False,0.0
Prot_0833,False,0.0
Prot_0834,False,0.0
Prot_0835,False,0.0
Prot_0836,False,0.0
Prot_0837,False,0.0
Prot_0838,False,0.0
Prot_0839,False,0.0
Prot_0840,False,0.0
Prot_0841,False,0.0
Prot_0842,False,0.0
Prot_0843,False,0.0
Prot_0844,False,0.0
Prot_0845,False,0.0
Prot_0846,False,0.0
Prot_0847,False,0.0
Prot_0848,False,0.0
Prot_0849,False,0.0
Prot_0850,False,0.0
Prot_0851,False,0.0
Prot_0852,False,0.0
Prot_0853,False,0.0
Prot_0854,False,0.0
Prot_0855,False,0.0
Prot_0856,False,0.0
Prot_0857,False,0.0
Prot_0858,False,0.0
Prot_0859,False,0.0
Prot_0860,False,0.0
Prot_0861,False,0.0
Prot_0862,False,0.0
Prot_0863,False,0.0
Prot_0864,False,0.0
Prot_0865,False,0.0
Prot_0866,False,0.0
Prot_0867,False,0.0
Prot_0868,False,0.0
Prot_0869,False,0.0
Prot_0870,False,0.0
Prot_0871,False,0.0
Prot_0872,False,0.0
Prot_0873,False,0.0
Prot_0874,False,0.0
Prot_0875,False,0.0
Prot_0876,False,0.0
Prot_0877,False,0.0
Prot_0878,False,0.0
Prot_0879,False,0.0
Prot_0880,False,0.0
Prot_0881,False,0.0
Prot_0882,False,0.0
Prot_0883,False,0.0
Prot_0884,False,0.0
Prot_0885,False,0.0
Prot_0886,False,0.0
Prot_0887,False,0.0
Prot_0888,False,0.0
Prot_0889,False,0.0
Prot_0890,False,0.0
Prot_0891,False,0.0
Prot_0892,False,0.0
Prot_0893,False,0.0
Prot_0894,False,0.0
Prot_0895,False,0.0
Prot_0896,False,0.0
Prot_0897,False,0.0
Prot_0898,False,0.0
Prot_0899,False,0.0
Prot_0900,False,0.0
Prot_0901,False,0.0
Prot_0902,False,0.0
Prot_0903,False,0.0
Prot_0904,False,0.0
Prot_0905,False,0.0
Prot_0906,False,0.0
Prot_0907,False,0.0
Prot_0908,False,0.0
Prot_0909,False,0.0
Prot_0910,False,0.0
Prot_0911,False,0.0
Prot_0912,False,0.0
Prot_0913,False,0.0
Prot_0914,False,0.0
Prot_0915,False,0.0
Prot_0916,False,0.0
Prot_0917,False,0.0
Prot_0918,False,0.0
Prot_0919,False,0.0
Prot_0920,False,0.0
Prot_0921,False,0.0
Prot_0922,False,0.0
Prot_0923,False,0.0
Prot_0924,False,0.0
Prot_0925,False,0.0
Prot_0926,False,0.0
Prot_0927,False,0.0
Prot_0928,False,0.0
Prot_0929,False,0.0
Prot_0930,False,0.0
Prot_0931,False,0.0
Prot_0932,False,0.0
Prot_0933,False,0.0
Prot_0934,False,0.0
Prot_0935,False,0.0
Prot_0936,False,0.0
Prot_0937,False,0.0
Prot_0938,False,0.0
Prot_0939,False,0.0
Prot_0940,False,0.0
Prot_0941,False,0.0
Prot_0942,False,0.0
Prot_0943,False,0.0
Prot_0944,False,0.0
Prot_0945,False,0.0
Prot_0946,False,0.0
Prot_0947,False,0.0
Prot_0948,False,0.0
Prot_0949,False,0.0
Prot_0950,False,0.0
Prot_0951,False,0.0
Prot_0952,False,0.0
Prot_0953,False,0.0
Prot_0954,False,0.0
Prot_0955,False,0.0
Prot_0956,False,0.0
Prot_0957,False,0.0
Prot_0958,False,0.0
Prot_0959,False,0.0
Prot_0960,False,0.0
Prot_0961,False,0.0
Prot_0962,False,0.0
Prot_0963,False,0.0
Prot_0964,False,0.0
Prot_0965,False,0.0
Prot_0966,False,0.0
Prot_0967,False,0.0
Prot_0968,False,0.0
Prot_0969,False,0.0
Prot_0970,False,0.0
Prot_0971,False,0.0
Prot_0972,False,0.0
Prot_0973,False,0.0
Prot_0974,False,0.0
Prot_0975,False,0.0
Prot_0976,False,0.0
Prot_0977,False,0.0
Prot_0978,False,0.0
Prot_0979,False,0.0
Prot_0980,False,0.0
Prot_0981,False,0.0
Prot_0982,False,0.0
Prot_0983,False,0.0
Prot_0984,False,0.0
Prot_0985,False,0.0
Prot_0986,False,0.0
Prot_0987,False,0.0
Prot_0988,False,0.0
Prot_0989,False,0.0
Prot_0990,False,0.0
Prot_0991,False,0.0
Prot_0992,False,0.0
Prot_0993,False,0.0
Prot_0994,False,0.0
Prot_0995,False,0.0
Prot_0996,False,0.0
Prot_0997,False,0.0
Prot_0998,False,0.0
Prot_0999,False,0.0
Prot_1000,False,0.0
Prot_1001,False,0.0
Prot_1002,False,0.0
Prot_1003,False,0.0
Prot_1004,False,0.0
Prot_1005,False,0.0
Prot_1006,False,0.0
Prot_1007,False,0.0
Prot_1008,False,0.0
Prot_1009,False,0.0
Prot_1010,False,0.0
Prot_1011,False,0.0
Prot_1012,False,0.0
Prot_1013,False,0.0
Prot_1014,False,0.0
Prot_1015,False,0.0
Prot_1016,False,0.0
Prot_1017,False,0.0
Prot_1018,False,0.0
Prot_1019,False,0.0
Prot_1020,False,0.0
Prot_1021,False,0.0
Prot_1022,False,0.0
Prot_1023,False,0.0
Prot_1024,False,0.0
Prot_1025,False,0.0
Prot_1026,False,0.0
Prot_1027,False,0.0
Prot_1028,False,0.0
Prot_1029,False,0.0
Prot_1030,False,0.0
Prot_1031,False,0.0
Prot_1032,False,0.0
Prot_1033,False,0.0
Prot_1034,False,0.0
Prot_1035,False,0.0
Prot_1036,False,0.0
Prot_1037,False,0.0
Prot_1038,False,0.0
Prot_1039,False,0.0
Prot_1040,False,0.0
Prot_1041,False,0.0
Prot_1042,False,0.0
Prot_1043,False,0.0
Prot_1044,False,0.0
Prot_1045,False,0.0
Prot_1046,False,0.0
Prot_1047,False,0.0
Prot_1048,False,0.0
Prot_1049,False,0.0
Prot_1050,False,0.0
Prot_1051,False,0.0
Prot_1052,False,0.0
Prot_1053,False,0.0
Prot_1054,False,0.0
Prot_1055,False,0.0
Prot_1056,False,0.0
Prot_1057,False,0.0
Prot_1058,False,0.0
Prot_1059,False,0.0
Prot_1060,False,0.0
Prot_1061,False,0.0
Prot_1062,False,0.0
Prot_1063,False,0.0
Prot_1064,False,0.0
Prot_1065,False,0.0
Prot_1066,False,0.0
Prot_1067,False,0.0
Prot_1068,False,0.0
Prot_1069,False,0.0
Prot_1070,False,0.0
Prot_1071,False,0.0
Prot_1072,False,0.0
Prot_1073,False,0.0
Prot_1074,False,0.0
Prot_1075,False,0.0
Prot_1076,False,0.0
Prot_1077,False,0.0
Prot_1078,False,0.0
Prot_1079,False,0.0
Prot_1080,False,0.0
Prot_1081,False,0.0
Prot_1082,False,0.0
Prot_1083,False,0.0
Prot_1084,False,0.0
Prot_1085,False,0.0
Prot_1086,False,0.0
Prot_1087,False,0.0
Prot_1088,False,0.0
Prot_1089,False,0.0
Prot_1090,False,0.0
Prot_1091,False,0.0
Prot_1092,False,0.0
Prot_1093,False,0.0
Prot_1094,False,0.0
Prot_1095,False,0.0
Prot_1096,False,0.0
Prot_1097,False,0.0
Prot_1098,False,0.0
Prot_1099,False,0.0
Prot_1100,False,0.0
Prot_1101,False,0.0
Prot_1102,False,0.0
Prot_1103,False,0.0
Prot_1104,False,0.0
Prot_1105,False,0.0
Prot_1106,False,0.0
Prot_1107,False,0.0
Prot_1108,False,0.0
Prot_1109,False,0.0
Prot_1110,False,0.0
Prot_1111,False,0.0
Prot_1112,False,0.0
Prot_1113,False,0.0
Prot_1114,False,0.0
Prot_1115,False,0.0
Prot_1116,False,0.0
Prot_1117,False,0.0
Prot_1118,False,0.0
Prot_1119,False,0.0
Prot_1120,False,0.0
Prot_1121,False,0.0
Prot_1122,False,0.0
Prot_1123,False,0.0
Prot_1124,False,0.0
Prot_1125,False,0.0
Prot_1126,False,0.0
Prot_1127,False,0.0
Prot_1128,False,0.0
Prot_1129,False,0.0
Prot_1130,False,0.0
Prot_1131,False,0.0
Prot_1132,False,0.0
Prot_1133,False,0.0
Prot_1134,False,0.0
Prot_1135,False,0.0
Prot_1136,False,0.0
Prot_1137,False,0.0
Prot_1138,False,0.0
Prot_1139,False,0.0
Prot_1140,False,0.0
Prot_1141,False,0.0
Prot_1142,False,0.0
Prot_1143,False,0.0
Prot_1144,False,0.0
Prot_1145,False,0.0
Prot_1146,False,0.0
Prot_1147,False,0.0
Prot_1148,False,0.0
Prot_1149,False,0.0
Prot_1150,False,0.0
Prot_1151,False,0.0
Prot_1152,False,0.0
Prot_1153,False,0.0
Prot_1154,False,0.0
Prot_1155,False,0.0
Prot_1156,False,0.0
Prot_1157,False,0.0
Prot_1158,False,0.0
Prot_1159,False,0.0
Prot_1160,False,0.0
Prot_1161,False,0.0
Prot_1162,False,0.0
Prot_1163,False,0.0
Prot_1164,False,0.0
Prot_1165,False,0.0
Prot_1166,False,0.0
Prot_1167,False,0.0
Prot_1168,False,0.0
Prot_1169,False,0.0
Prot_1170,False,0.0
Prot_1171,False,0.0
Prot_1172,False,0.0
Prot_1173,False,0.0
Prot_1174,False,0.0
Prot_1175,False,0.0
Prot_1176,False,0.0
Prot_1177,False,0.0
Prot_1178,False,0.0
Prot_1179,False,0.0
Prot_1180,False,0.0
Prot_1181,False,0.0
Prot_1182,False,0.0
Prot_1183,False,0.0
Prot_1184,False,0.0
Prot_1185,False,0.0
Prot_1186,False,0.0
Prot_1187,False,0.0
Prot_1188,False,0.0
Prot_1189,False,0.0
Prot_1190,False,0.0
Prot_1191,False,0.0
Prot_1192,False,0.0
Prot_1193,False,0.0
Prot_1194,False,0.0
Prot_1195,False,0.0
Prot_1196,False,0.0
Prot_1197,False,0.0
Prot_1198,False,0.0
Prot_1199,False,0.0
Prot_1200,False,0.0
Prot_1201,False,0.0
Prot_1202,False,0.0
Prot_1203,False,0.0
Prot_1204,False,0.0
Prot_1205,False,0.0
Prot_1206,False,0.0
Prot_1207,False,0.0
Prot_1208,False,0.0
Prot_1209,False,0.0
Prot_1210,False,0.0
Prot_1211,False,0.0
Prot_1212,False,0.0
Prot_1213,False,0.0
Prot_1214,False,0.0
Prot_1215,False,0.0
Prot_1216,False,0.0
Prot_1217,False,0.0
Prot_1218,False,0.0
Prot_1219,False,0.0
Prot_1220,False,0.0
Prot_1221,False,0.0
Prot_1222,False,0.0
Prot_1223,False,0.0
Prot_1224,False,0.0
Prot_1225,False,0.0
Prot_1226,False,0.0
Prot_1227,False,0.0
Prot_1228,False,0.0
Prot_1229,False,0.0
Prot_1230,False,0.0
Prot_1231,False,0.0
Prot_1232,False,0.0
Prot_1233,False,0.0
Prot_1234,False,0.0
Prot_1235,False,0.0
Prot_1236,False,0.0
Prot_1237,False,0.0
Prot_1238,False,0.0
Prot_1239,False,0.0
Prot_1240,False,0.0
Prot_1241,False,0.0
Prot_1242,False,0.0
Prot_1243,False,0.0
Prot_1244,False,0.0
Prot_1245,False,0.0
Prot_1246,False,0.0
Prot_1247,False,0.0
Prot_1248,False,0.0
Prot_1249,False,0.0
Prot_1250,False,0.0
Prot_1251,False,0.0
Prot_1252,False,0.0
Prot_1253,False,0.0
Prot_1254,False,0.0
Prot_1255,False,0.0
Prot_1256,False,0.0
Prot_1257,False,0.0
Prot_1258,False,0.0
Prot_1259,False,0.0
Prot_1260,False,0.0
Prot_1261,False,0.0
Prot_1262,False,0.0
Prot_1263,False,0.0
Prot_1264,False,0.0
Prot_1265,False,0.0
Prot_1266,False,0.0
Prot_1267,False,0.0
Prot_1268,False,0.0
Prot_1269,False,0.0
Prot_1270,False,0.0
Prot_1271,False,0.0
Prot_1272,False,0.0
Prot_1273,False,0.0
Prot_1274,False,0.0
Prot_1275,False,0.0
Prot_1276,False,0.0
Prot_1277,False,0.0
Prot_1278,False,0.0
Prot_1279,False,0.0
Prot_1280,False,0.0
Prot_1281,False,0.0
Prot_1282,False,0.0
Prot_1283,False,0.0
Prot_1284,False,0.0
Prot_1285,False,0.0
Prot_1286,False,0.0
Prot_1287,False,0.0
Prot_1288,False,0.0
Prot_1289,False,0.0
Prot_1290,False,0.0
Prot_1291,False,0.0
Prot_1292,False,0.0
Prot_1293,False,0.0
Prot_1294,False,0.0
Prot_1295,False,0.0
Prot_1296,False,0.0
Prot_1297,False,0.0
Prot_1298,False,0.0
Prot_1299,False,0.0
Prot_1300,False,0.0
Prot_1301,False,0.0
Prot_1302,False,0.0
Prot_1303,False,0.0
Prot_1304,False,0.0
Prot_1305,False,0.0
Prot_1306,False,0.0
Prot_1307,False,0.0
Prot_1308,False,0.0
Prot_1309,False,0.0
Prot_1310,False,0.0
Prot_1311,False,0.0
Prot_1312,False,0.0
Prot_1313,False,0.0
Prot_1314,False,0.0
Prot_1315,False,0.0
Prot_1316,False,0.0
Prot_1317,False,0.0
Prot_1318,False,0.0
Prot_1319,False,0.0
Prot_1320,False,0.0
Prot_1321,False,0.0
Prot_1322,False,0.0
Prot_1323,False,0.0
Prot_1324,False,0.0
Prot_1325,False,0.0
Prot_1326,False,0.0
Prot_1327,False,0.0
Prot_1328,False,0.0
Prot_1329,False,0.0
Prot_1330,False,0.0
Prot_1331,False,0.0
Prot_1332,False,0.0
Prot_1333,False,0.0
Prot_1334,False,0.0
Prot_1335,False,0.0
Prot_1336,False,0.0
Prot_1337,False,0.0
Prot_1338,False,0.0
Prot_1339,False,0.0
Prot_1340,False,0.0
Prot_1341,False,0.0
Prot_1342,False,0.0
Prot_1343,False,0.0
Prot_1344,False,0.0
Prot_1345,False,0.0
Prot_1346,False,0.0
Prot_1347,False,0.0
Prot_1348,False,0.0
Prot_1349,False,0.0
Prot_1350,False,0.0
Prot_1351,False,0.0
Prot_1352,False,0.0
Prot_1353,False,0.0
Prot_1354,False,0.0
Prot_1355,False,0.0
Prot_1356,False,0.0
Prot_1357,False,0.0
Prot_1358,False,0.0
Prot_1359,False,0.0
Prot_1360,False,0.0
Prot_1361,False,0.0
Prot_1362,False,0.0
Prot_1363,False,0.0
Prot_1364,False,0.0
Prot_1365,False,0.0
Prot_1366,False,0.0
Prot_1367,False,0.0
Prot_1368,False,0.0
Prot_1369,False,0.0
Prot_1370,False,0.0
Prot_1371,False,0.0
Prot_1372,False,0.0
Prot_1373,False,0.0
Prot_1374,False,0.0
Prot_1375,False,0.0
Prot_1376,False,0.0
Prot_1377,False,0.0
Prot_1378,False,0.0
Prot_1379,False,0.0
Prot_1380,False,0.0
Prot_1381,False,0.0
Prot_1382,False,0.0
Prot_1383,False,0.0
Prot_1384,False,0.0
Prot_1385,False,0.0
Prot_1386,False,0.0
Prot_1387,False,0.0
Prot_1388,False,0.0
Prot_1389,False,0.0
Prot_1390,False,0.0
Prot_1391,False,0.0
Prot_1392,False,0.0
Prot_1393,False,0.0
Prot_1394,False,0.0
Prot_1395,False,0.0
Prot_1396,False,0.0
Prot_1397,False,0.0
Prot_1398,False,0.0
Prot_1399,False,0.0
Prot_1400,False,0.0
Prot_1401,False,0.0
Prot_1402,False,0.0
Prot_1403,False,0.0
Prot_1404,False,0.0
Prot_1405,False,0.0
Prot_1406,False,0.0
Prot_1407,False,0.0
Prot_1408,False,0.0
Prot_1409,False,0.0
Prot_1410,False,0.0
Prot_1411,False,0.0
Prot_1412,False,0.0
Prot_1413,False,0.0
Prot_1414,False,0.0
Prot_1415,False,0.0
Prot_1416,False,0.0
Prot_1417,False,0.0
Prot_1418,False,0.0
Prot_1419,False,0.0
Prot_1420,False,0.0
Prot_1421,False,0.0
Prot_1422,False,0.0
Prot_1423,False,0.0
Prot_1424,False,0.0
Prot_1425,False,0.0
Prot_1426,False,0.0
Prot_1427,False,0.0
Prot_1428,False,0.0
Prot_1429,False,0.0
Prot_1430,False,0.0
Prot_1431,False,0.0
Prot_1432,False,0.0
Prot_1433,False,0.0
Prot_1434,False,0.0
Prot_1435,False,0.0
Prot_1436,False,0.0
Prot_1437,False,0.0
Prot_1438,False,0.0
Prot_1439,False,0.0
Prot_1440,False,0.0
Prot_1441,False,0.0
Prot_1442,False,0.0
Prot_1443,False,0.0
Prot_1444,False,0.0
Prot_1445,False,0.0
Prot_1446,False,0.0
Prot_1447,False,0.0
Prot_1448,False,0.0
Prot_1449,False,0.0
Prot_1450,False,0.0
Prot_1451,False,0.0
Prot_1452,False,0.0
Prot_1453,False,0.0
Prot_1454,False,0.0
Prot_1455,False,0.0
Prot_1456,False,0.0
Prot_1457,False,0.0
Prot_1458,False,0.0
Prot_1459,False,0.0
Prot_1460,False,0.0
Prot_1461,False,0.0
Prot_1462,False,0.0
Prot_1463,False,0.0
Prot_1464,False,0.0
Prot_1465,False,0.0
Prot_1466,False,0.0
Prot_1467,False,0.0
Prot_1468,False,0.0
Prot_1469,False,0.0
Prot_1470,False,0.0
Prot_1471,False,0.0
Prot_1472,False,0.0
Prot_1473,False,0.0
Prot_1474,False,0.0
Prot_1475,False,0.0
Prot_1476,False,0.0
Prot_1477,False,0.0
Prot_1478,False,0.0
Prot_1479,False,0.0
Prot_1480,False,0.0
Prot_1481,False,0.0
Prot_1482,False,0.0
Prot_1483,False,0.0
Prot_1484,False,0.0
Prot_1485,False,0.0
Prot_1486,False,0.0
Prot_1487,False,0.0
Prot_1488,False,0.0
Prot_1489,False,0.0
Prot_1490,False,0.0
Prot_1491,False,0.0
Prot_1492,False,0.0
Prot_1493,False,0.0
Prot_1494,False,0.0
Prot_1495,False,0.0
Prot_1496,False,0.0
Prot_1497,False,0.0
Prot_1498,False,0.0
Prot_1499,False,0.0
Prot_1500,False,0.0
Prot_1501,False,0.0
Prot_1502,False,0.0
Prot_1503,False,0.0
Prot_1504,False,0.0
Prot_1505,False,0.0
Prot_1506,False,0.0
Prot_1507,False,0.0
Prot_1508,False,0.0
Prot_1509,False,0.0
Prot_1510,False,0.0
Prot_1511,False,0.0
Prot_1512,False,0.0
Prot_1513,False,0.0
Prot_1514,False,0.0
Prot_1515,False,0.0
Prot_1516,False,0.0
Prot_1517,False,0.0
Prot_1518,False,0.0
Prot_1519,False,0.0
Prot_1520,False,0.0
Prot_1521,False,0.0
Prot_1522,False,0.0
Prot_1523,False,0.0
Prot_1524,False,0.0
Prot_1525,False,0.0
Prot_1526,False,0.0
Prot_1527,False,0.0
Prot_1528,False,0.0
Prot_1529,False,0.0
Prot_1530,False,0.0
Prot_1531,False,0.0
Prot_1532,False,0.0
Prot_1533,False,0.0
Prot_1534,False,0.0
Prot_1535,False,0.0
Prot_1536,False,0.0
Prot_1537,False,0.0
Prot_1538,False,0.0
Prot_1539,False,0.0
Prot_1540,False,0.0
Prot_1541,False,0.0
Prot_1542,False,0.0
Prot_1543,False,0.0
Prot_1544,False,0.0
Prot_1545,False,0.0
Prot_1546,False,0.0
Prot_1547,False,0.0
Prot_1548,False,0.0
Prot_1549,False,0.0
Prot_1550,False,0.0
Prot_1551,False,0.0
Prot_1552,False,0.0
Prot_1553,False,0.0
Prot_1554,False,0.0
Prot_1555,False,0.0
Prot_1556,False,0.0
Prot_1557,False,0.0
Prot_1558,False,0.0
Prot_1559,False,0.0
Prot_1560,False,0.0
Prot_1561,False,0.0
Prot_1562,False,0.0
Prot_1563,False,0.0
Prot_1564,False,0.0
Prot_1565,False,0.0
Prot_1566,False,0.0
Prot_1567,False,0.0
Prot_1568,False,0.0
Prot_1569,False,0.0
Prot_1570,False,0.0
Prot_1571,False,0.0
Prot_1572,False,0.0
Prot_1573,False,0.0
Prot_1574,False,0.0
Prot_1575,False,0.0
Prot_1576,False,0.0
Prot_1577,False,0.0
Prot_1578,False,0.0
Prot_1579,False,0.0
Prot_1580,False,0.0
Prot_1581,False,0.0
Prot_1582,False,0.0
Prot_1583,False,0.0
Prot_1584,False,0.0
Prot_1585,False,0.0
Prot_1586,False,0.0
Prot_1587,False,0.0
Prot_1588,False,0.0
Prot_1589,False,0.0
Prot_1590,False,0.0
Prot_1591,False,0.0
Prot_1592,False,0.0
Prot_1593,False,0.0
Prot_1594,False,0.0
Prot_1595,False,0.0
Prot_1596,False,0.0
Prot_1597,False,0.0
Prot_1598,False,0.0
Prot_1599,False,0.0
Prot_1600,False,0.0
Prot_1601,False,0.0
Prot_1602,False,0.0
Prot_1603,False,0.0
Prot_1604,False,0.0
Prot_1605,False,0.0
Prot_1606,False,0.0
Prot_1607,False,0.0
Prot_1608,False,0.0
Prot_1609,False,0.0
Prot_1610,False,0.0
Prot_1611,False,0.0
Prot_1612,False,0.0
Prot_1613,False,0.0
Prot_1614,False,0.0
Prot_1615,False,0.0
Prot_1616,False,0.0
Prot_1617,False,0.0
Prot_1618,False,0.0
Prot_1619,False,0.0
Prot_1620,False,0.0
Prot_1621,False,0.0
Prot_1622,False,0.0
Prot_1623,False,0.0
Prot_1624,False,0.0
Prot_1625,False,0.0
Prot_1626,False,0.0
Prot_1627,False,0.0
Prot_1628,False,0.0
Prot_1629,False,0.0
Prot_1630,False,0.0
Prot_1631,False,0.0
Prot_1632,False,0.0
Prot_1633,False,0.0
Prot_1634,False,0.0
Prot_1635,False,0.0
Prot_1636,False,0.0
Prot_1637,False,0.0
Prot_1638,False,0.0
Prot_1639,False,0.0
Prot_1640,False,0.0
Prot_1641,False,0.0
Prot_1642,False,0.0
Prot_1643,False,0.0
Prot_1644,False,0.0
Prot_1645,False,0.0
Prot_1646,False,0.0
Prot_1647,False,0.0
Prot_1648,False,0.0
Prot_1649,False,0.0
Prot_1650,False,0.0
Prot_1651,False,0.0
Prot_1652,False,0.0
Prot_1653,False,0.0
Prot_1654,False,0.0
Prot_1655,False,0.0
Prot_1656,False,0.0
Prot_1657,False,0.0
Prot_1658,False,0.0
Prot_1659,False,0.0
Prot_1660,False,0.0
Prot_1661,False,0.0
Prot_1662,False,0.0
Prot_1663,False,0.0
Prot_1664,False,0.0
Prot_1665,False,0.0
Prot_1666,False,0.0
Prot_1667,False,0.0
Prot_1668,False,0.0
Prot_1669,False,0.0
Prot_1670,False,0.0
Prot_1671,False,0.0
Prot_1672,False,0.0
Prot_1673,False,0.0
Prot_1674,False,0.0
Prot_1675,False,0.0
Prot_1676,False,0.0
Prot_1677,False,0.0
Prot_1678,False,0.0
Prot_1679,False,0.0
Prot_1680,False,0.0
Prot_1681,False,0.0
Prot_1682,False,0.0
Prot_1683,False,0.0
Prot_1684,False,0.0
Prot_1685,False,0.0
Prot_1686,False,0.0
Prot_1687,False,0.0
Prot_1688,False,0.0
Prot_1689,False,0.0
Prot_1690,False,0.0
Prot_1691,False,0.0
Prot_1692,False,0.0
Prot_1693,False,0.0
Prot_1694,False,0.0
Prot_1695,False,0.0
Prot_1696,False,0.0
Prot_1697,False,0.0
Prot_1698,False,0.0
Prot_1699,False,0.0
Prot_1700,False,0.0
Prot_1701,False,0.0
Prot_1702,False,0.0
Prot_1703,False,0.0
Prot_1704,False,0.0
Prot_1705,False,0.0
Prot_1706,False,0.0
Prot_1707,False,0.0
Prot_1708,False,0.0
Prot_1709,False,0.0
Prot_1710,False,0.0
Prot_1711,False,0.0
Prot_1712,False,0.0
Prot_1713,False,0.0
Prot_1714,False,0.0
Prot_1715,False,0.0
Prot_1716,False,0.0
Prot_1717,False,0.0
Prot_1718,False,0.0
Prot_1719,False,0.0
Prot_1720,False,0.0
Prot_1721,False,0.0
Prot_1722,False,0.0
Prot_1723,False,0.0
Prot_1724,False,0.0
Prot_1725,False,0.0
Prot_1726,False,0.0
Prot_1727,False,0.0
Prot_1728,False,0.0
Prot_1729,False,0.0
Prot_1730,False,0.0
Prot_1731,False,0.0
Prot_1732,False,0.0
Prot_1733,False,0.0
Prot_1734,False,0.0
Prot_1735,False,0.0
Prot_1736,False,0.0
Prot_1737,False,0.0
Prot_1738,False,0.0
Prot_1739,False,0.0
Prot_1740,False,0.0
Prot_1741,False,0.0
Prot_1742,False,0.0
Prot_1743,False,0.0
Prot_1744,False,0.0
Prot_1745,False,0.0
Prot_1746,False,0.0
Prot_1747,False,0.0
Prot_1748,False,0.0
Prot_1749,False,0.0
Prot_1750,False,0.0
Prot_1751,False,0.0
Prot_1752,False,0.0
Prot_1753,False,0.0
Prot_1754,False,0.0
Prot_1755,False,0.0
Prot_1756,False,0.0
Prot_1757,False,0.0
Prot_1758,False,0.0
Prot_1759,False,0.0
Prot_1760,False,0.0
Prot_1761,False,0.0
Prot_1762,False,0.0
Prot_1763,False,0.0
Prot_1764,False,0.0
Prot_1765,False,0.0
Prot_1766,False,0.0
Prot_1767,False,0.0
Prot_1768,False,0.0
Prot_1769,False,0.0
Prot_1770,False,0.0
Prot_1771,False,0.0
Prot_1772,False,0.0
Prot_1773,False,0.0
Prot_1774,False,0.0
Prot_1775,False,0.0
Prot_1776,False,0.0
Prot_1777,False,0.0
Prot_1778,False,0.0
Prot_1779,False,0.0
Prot_1780,False,0.0
Prot_1781,False,0.0
Prot_1782,False,0.0
Prot_1783,False,0.0
Prot_1784,False,0.0
Prot_1785,False,0.0
Prot_1786,False,0.0
Prot_1787,False,0.0
Prot_1788,False,0.0
Prot_1789,False,0.0
Prot_1790,False,0.0
Prot_1791,False,0.0
Prot_1792,False,0.0
Prot_1793,False,0.0
Prot_1794,False,0.0
Prot_1795,False,0.0
Prot_1796,False,0.0
Prot_1797,False,0.0
Prot_1798,False,0.0
Prot_1799,False,0.0
Prot_1800,False,0.0
Prot_1801,False,0.0
Prot_1802,False,0.0
Prot_1803,False,0.0
Prot_1804,False,0.0
Prot_1805,False,0.0
Prot_1806,False,0.0
Prot_1807,False,0.0
Prot_1808,False,0.0
Prot_1809,False,0.0
Prot_1810,False,0.0
Prot_1811,False,0.0
Prot_1812,False,0.0
Prot_1813,False,0.0
Prot_1814,False,0.0
Prot_1815,False,0.0
Prot_1816,False,0.0
Prot_1817,False,0.0
Prot_1818,False,0.0
Prot_1819,False,0.0
Prot_1820,False,0.0
Prot_1821,False,0.0
Prot_1822,False,0.0
Prot_1823,False,0.0
Prot_1824,False,0.0
Prot_1825,False,0.0
Prot_1826,False,0.0
Prot_1827,False,0.0
Prot_1828,False,0.0
Prot_1829,False,0.0
Prot_1830,False,0.0
Prot_1831,False,0.0
Prot_1832,False,0.0
Prot_1833,False,0.0
Prot_1834,False,0.0
Prot_1835,False,0.0
Prot_1836,False,0.0
Prot_1837,False,0.0
Prot_1838,False,0.0
Prot_1839,False,0.0
Prot_1840,False,0.0
Prot_1841,False,0.0
Prot_1842,False,0.0
Prot_1843,False,0.0
Prot_1844,False,0.0
Prot_1845,False,0.0
Prot_1846,False,0.0
Prot_1847,False,0.0
Prot_1848,False,0.0
Prot_1849,False,0.0
Prot_1850,False,0.0
Prot_1851,False,0.0
Prot_1852,False,0.0
Prot_1853,False,0.0
Prot_1854,False,0.0
Prot_1855,False,0.0
Prot_1856,False,0.0
Prot_1857,False,0.0
Prot_1858,False,0.0
Prot_1859,False,0.0
Prot_1860,False,0.0
Prot_1861,False,0.0
Prot_1862,False,0.0
Prot_1863,False,0.0
Prot_1864,False,0.0
Prot_1865,False,0.0
Prot_1866,False,0.0
Prot_1867,False,0.0
Prot_1868,False,0.0
Prot_1869,False,0.0
Prot_1870,False,0.0
Prot_1871,False,0.0
Prot_1872,False,0.0
Prot_1873,False,0.0
Prot_1874,False,0.0
Prot_1875,False,0.0
Prot_1876,False,0.0
Prot_1877,False,0.0
Prot_1878,False,0.0
Prot_1879,False,0.0
Prot_1880,False,0.0
Prot_1881,False,0.0
Prot_1882,False,0.0
Prot_1883,False,0.0
Prot_1884,False,0.0
Prot_1885,False,0.0
Prot_1886,False,0.0
Prot_1887,False,0.0
Prot_1888,False,0.0
Prot_1889,False,0.0
Prot_1890,False,0.0
Prot_1891,False,0.0
Prot_1892,False,0.0
Prot_1893,False,0.0
Prot_1894,False,0.0
Prot_1895,False,0.0
Prot_1896,False,0.0
Prot_1897,False,0.0
Prot_1898,False,0.0
Prot_1899,False,0.0
Prot_1900,False,0.0
Prot_1901,False,0.0
Prot_1902,False,0.0
Prot_1903,False,0.0
Prot_1904,False,0.0
Prot_1905,False,0.0
Prot_1906,False,0.0
Prot_1907,False,0.0
Prot_1908,False,0.0
Prot_1909,False,0.0
Prot_1910,False,0.0
Prot_1911,False,0.0
Prot_1912,False,0.0
Prot_1913,False,0.0
Prot_1914,False,0.0
Prot_1915,False,0.0
Prot_1916,False,0.0
Prot_1917,False,0.0
Prot_1918,False,0.0
Prot_1919,False,0.0
Prot_1920,False,0.0
Prot_1921,False,0.0
Prot_1922,False,0.0
Prot_1923,False,0.0
Prot_1924,False,0.0
Prot_1925,False,0.0
Prot_1926,False,0.0
Prot_1927,False,0.0
Prot_1928,False,0.0
Prot_1929,False,0.0
Prot_1930,False,0.0
Prot_1931,False,0.0
Prot_1932,False,0.0
Prot_1933,False,0.0
Prot_1934,False,0.0
Prot_1935,False,0.0
Prot_1936,False,0.0
Prot_1937,False,0.0
Prot_1938,False,0.0
Prot_1939,False,0.0
Prot_1940,False,0.0
Prot_1941,False,0.0
Prot_1942,False,0.0
Prot_1943,False,0.0
Prot_1944,False,0.0
Prot_1945,False,0.0
Prot_1946,False,0.0
Prot_1947,False,0.0
Prot_1948,False,0.0
Prot_1949,False,0.0
Prot_1950,False,0.0
Prot_1951,False,0.0
Prot_1952,False,0.0
Prot_1953,False,0.0
Prot_1954,False,0.0
Prot_1955,False,0.0
Prot_1956,False,0.0
Prot_1957,False,0.0
Prot_1958,False,0.0
Prot_1959,False,0.0
Prot_1960,False,0.0
Prot_1961,False,0.0
Prot_1962,False,0.0
Prot_1963,False,0.0
Prot_1964,False,0.0
Prot_1965,False,0.0
Prot_1966,False,0.0
Prot_1967,False,0.0
Prot_1968,False,0.0
Prot_1969,False,0.0
Prot_1970,False,0.0
Prot_1971,False,0.0
Prot_1972,False,0.0
Prot_1973,False,0.0
Prot_1974,False,0.0
Prot_1975,False,0.0
Prot_1976,False,0.0
Prot_1977,False,0.0
Prot_1978,False,0.0
Prot_1979,False,0.0
Prot_1980,False,0.0
Prot_1981,False,0.0
Prot_1982,False,0.0
Prot_1983,False,0.0
Prot_1984,False,0.0
Prot_1985,False,0.0
Prot_1986,False,0.0
Prot_1987,False,0.0
Prot_1988,False,0.0
Prot_1989,False,0.0
Prot_1990,False,0.0
Prot_1991,False,0.0
Prot_1992,False,0.0
Prot_1993,False,0.0
Prot_1994,False,0.0
Prot_1995,False,0.0
Prot_1996,False,0.0
Prot_1997,False,0.0
Prot_1998,False,0.0
Prot_1999,False,0.0
Prot_2000,False,0.0
